{"cameraMode":{"drawMode":0,"name":"Shaded","section":"Shading Mode"},"sceneLighting":false,"audioPlay":false,"sceneViewState":{"m_AlwaysRefresh":false,"showFog":true,"showSkybox":false,"showFlares":true,"showImageEffects":true,"showParticleSystems":true,"showVisualEffectGraphs":true,"m_FxEnabled":true},"in2DMode":false,"pivot":{"x":-19.875520706176759,"y":6.540145397186279,"z":79.23511505126953},"rotation":{"x":0.11193017661571503,"y":0.10624165832996369,"z":-0.012037244625389576,"w":0.9879737496376038},"size":16.958812713623048,"orthographic":false}